{"loss": 34098.234375, "step": 849, "_timestamp": 1725304189.8225796, "_runtime": 1936.251526594162, "_step": 849, "_wandb": {"runtime": 1936}}