{"loss": 147892.546875, "step": 449, "_timestamp": 1728750696.0676064, "_runtime": 2226.014167547226, "_step": 449, "_wandb": {"runtime": 2226}}