{"loss": 123515.484375, "_timestamp": 1725001366.3972876, "_runtime": 2485.263759613037, "_step": 0, "_wandb": {"runtime": 2485}}