{"loss": 33641.94140625, "step": 349, "_timestamp": 1728311594.4619017, "_runtime": 794.2133667469025, "_step": 349, "_wandb": {"runtime": 793}}