{"loss": 37350.19140625, "_timestamp": 1725035336.658339, "_runtime": 1546.7899560928345, "_step": 0, "_wandb": {"runtime": 1546}}