{"loss": 46184.80859375, "step": 549, "_timestamp": 1725256050.1448994, "_runtime": 1963.6191744804382, "_step": 549, "_wandb": {"runtime": 1963}}