{"loss": 31992.5625, "step": 649, "_timestamp": 1728311293.032653, "_runtime": 2167.8730840682983, "_step": 649, "_wandb": {"runtime": 2168}}