{"loss": 32983.6953125, "step": 999, "_timestamp": 1725304589.9006207, "_runtime": 2611.692259788513, "_step": 999, "_wandb": {"runtime": 2612}}