{"loss": 146760.859375, "step": 599, "_timestamp": 1728677695.6911025, "_runtime": 2261.579015493393, "_step": 599, "_wandb": {"runtime": 2261}}