{"loss": 123544.1875, "step": 599, "_timestamp": 1725319005.458348, "_runtime": 3329.735002040863, "_step": 599, "_wandb": {"runtime": 3329}}