{"loss": 123519.3125, "_timestamp": 1725032484.2195065, "_runtime": 1256.4952774047852, "_step": 0, "_wandb": {"runtime": 1256}}