{"loss": 44382.58984375, "step": 549, "_timestamp": 1725307459.079668, "_runtime": 2637.41374707222, "_step": 549, "_wandb": {"runtime": 2637}}