{"loss": 149028.609375, "step": 549, "_timestamp": 1728937150.4878802, "_runtime": 2383.597183227539, "_step": 549, "_wandb": {"runtime": 2383}}