{"loss": 123961.390625, "step": 1, "_timestamp": 1725163951.8085287, "_runtime": 26.087228775024414, "_step": 1, "_wandb": {"runtime": 25}}