{"loss": 38201.29296875, "_timestamp": 1725030990.323454, "_runtime": 1300.2400159835815, "_step": 0, "_wandb": {"runtime": 1300}}