{"loss": 32609.662109375, "step": 999, "_timestamp": 1728323190.7950995, "_runtime": 2098.817057609558, "_step": 999, "_wandb": {"runtime": 2099}}