{"loss": 123561.421875, "step": 599, "_timestamp": 1725172849.5782347, "_runtime": 2235.859942674637, "_step": 599, "_wandb": {"runtime": 2235}}