{"loss": 34473.24609375, "step": 799, "_timestamp": 1725311199.6730425, "_runtime": 3705.221724510193, "_step": 799, "_wandb": {"runtime": 3705}}