{"loss": 33125.3828125, "step": 999, "_timestamp": 1725315642.6482737, "_runtime": 6806.645519733429, "_step": 999, "_wandb": {"runtime": 6806}}