{"loss": 123534.9609375, "step": 549, "_timestamp": 1725177196.177464, "_runtime": 1030.9874529838562, "_step": 549, "_wandb": {"runtime": 1030}}