{"loss": 147410.421875, "step": 499, "_timestamp": 1728947777.8589368, "_runtime": 2147.2874567508698, "_step": 499, "_wandb": {"runtime": 2133}}