{"loss": 32031.248046875, "step": 999, "_timestamp": 1725190567.0009103, "_runtime": 5239.54552936554, "_step": 999, "_wandb": {"runtime": 5239}}