{"loss": 31354.892578125, "step": 949, "_timestamp": 1725179592.1831806, "_runtime": 3539.6122946739197, "_step": 949, "_wandb": {"runtime": 3539}}