{"loss": 123524.2109375, "_timestamp": 1724998873.5287378, "_runtime": 2531.7223858833313, "_step": 0, "_wandb": {"runtime": 2528}}