{"loss": 32984.77734375, "step": 999, "_timestamp": 1725174290.2949803, "_runtime": 1742.7256813049316, "_step": 999, "_wandb": {"runtime": 1742}}