{"loss": 34235.58203125, "_timestamp": 1725007888.6743681, "_runtime": 1726.7787902355194, "_step": 0, "_wandb": {"runtime": 1726}}