{"loss": 33184.19921875, "step": 949, "_timestamp": 1725307153.1311705, "_runtime": 2525.8920896053314, "_step": 949, "_wandb": {"runtime": 2526}}