{"loss": 146441.453125, "step": 599, "_timestamp": 1730130496.6784387, "_runtime": 2360.070944547653, "_step": 599, "_wandb": {"runtime": 2359}}