{"loss": 123521.75, "step": 549, "_timestamp": 1725304671.5328767, "_runtime": 2564.1338107585907, "_step": 549, "_wandb": {"runtime": 2564}}