{"loss": 31734.193359375, "step": 799, "_timestamp": 1728312065.676481, "_runtime": 2675.580894947052, "_step": 799, "_wandb": {"runtime": 2675}}