{"loss": 248338.671875, "step": 499, "_timestamp": 1728955994.646042, "_runtime": 2376.9561750888824, "_step": 499, "_wandb": {"runtime": 2376}}