{"loss": 30843.443359375, "step": 999, "_timestamp": 1725182055.6694038, "_runtime": 5702.798946857452, "_step": 999, "_wandb": {"runtime": 5702}}