{"loss": 37468.0625, "_timestamp": 1725033782.2882988, "_runtime": 1334.8716609477997, "_step": 0, "_wandb": {"runtime": 1334}}