{"loss": 31704.716796875, "step": 749, "_timestamp": 1725170587.1251912, "_runtime": 2555.1766033172607, "_step": 749, "_wandb": {"runtime": 2555}}