{"loss": 155019.0625, "step": 549, "_timestamp": 1728939483.2825592, "_runtime": 2324.3714530467987, "_step": 549, "_wandb": {"runtime": 2324}}