{"loss": 31072.5, "step": 999, "_timestamp": 1725313080.790386, "_runtime": 4430.198397874832, "_step": 999, "_wandb": {"runtime": 4430}}