{"loss": 123538.1015625, "step": 699, "_timestamp": 1725211654.2839952, "_runtime": 3423.596743106842, "_step": 699, "_wandb": {"runtime": 3423}}