{"loss": 34148.3203125, "step": 749, "_timestamp": 1725174294.4180248, "_runtime": 1385.910472869873, "_step": 749, "_wandb": {"runtime": 1386}}