{"loss": 37708.00390625, "_timestamp": 1725032440.8305452, "_runtime": 1444.09450507164, "_step": 0, "_wandb": {"runtime": 1443}}