{"loss": 34021.34375, "step": 749, "_timestamp": 1725171837.5242689, "_runtime": 1378.0360789299011, "_step": 749, "_wandb": {"runtime": 1378}}