{"loss": 145219.5625, "step": 1349, "_timestamp": 1728776831.761697, "_runtime": 5588.341668128967, "_step": 1349, "_wandb": {"runtime": 5588}}