{"loss": 31723.796875, "step": 799, "_timestamp": 1728311819.45616, "_runtime": 2648.797224998474, "_step": 799, "_wandb": {"runtime": 2648}}