{"loss": 31797.060546875, "step": 849, "_timestamp": 1725308692.6275105, "_runtime": 3980.327868461609, "_step": 849, "_wandb": {"runtime": 3980}}