{"loss": 146128.734375, "step": 599, "_timestamp": 1728920356.6762953, "_runtime": 2479.0840673446655, "_step": 599, "_wandb": {"runtime": 2478}}