{"loss": 169159.359375, "step": 499, "_timestamp": 1728945591.8771286, "_runtime": 2085.3173797130585, "_step": 499, "_wandb": {"runtime": 2083}}