{"loss": 123547.8046875, "_timestamp": 1725035807.173002, "_runtime": 1063.6282000541687, "_step": 0, "_wandb": {"runtime": 1063}}