{"loss": 34524.234375, "step": 649, "_timestamp": 1725305735.2957768, "_runtime": 1509.0968828201294, "_step": 649, "_wandb": {"runtime": 1509}}