{"loss": 123519.6328125, "step": 549, "_timestamp": 1725307068.2513657, "_runtime": 1297.7606446743011, "_step": 549, "_wandb": {"runtime": 1297}}