{"loss": 34078.4140625, "_timestamp": 1725002888.8995028, "_runtime": 3251.8974838256836, "_step": 0, "_wandb": {"runtime": 3251}}