{"loss": 123527.90625, "_timestamp": 1725031216.6132872, "_runtime": 1263.3050451278687, "_step": 0, "_wandb": {"runtime": 1263}}