{"loss": 166399.859375, "step": 499, "_timestamp": 1728943482.92415, "_runtime": 2095.275952100754, "_step": 499, "_wandb": {"runtime": 2095}}