{"loss": 123517.1640625, "step": 649, "_timestamp": 1725181071.248951, "_runtime": 1200.2845540046692, "_step": 649, "_wandb": {"runtime": 1200}}