{"loss": 123522.265625, "step": 699, "_timestamp": 1725317678.8615649, "_runtime": 2557.3507359027863, "_step": 699, "_wandb": {"runtime": 2557}}