{"loss": 123637.609375, "step": 599, "_timestamp": 1725185306.276485, "_runtime": 3227.2370100021362, "_step": 599, "_wandb": {"runtime": 3227}}