{"loss": [123560.203125, 123514.296875], "_timestamp": 1725135060.7042363, "_runtime": 24.533196210861206, "_step": 0, "_wandb": {"runtime": 24}}