{"loss": 31472.55078125, "step": 999, "_timestamp": 1725147273.3853407, "_runtime": 3135.46396279335, "_step": 999, "_wandb": {"runtime": 3135}}