{"loss": 31883.619140625, "step": 849, "_timestamp": 1725176026.620235, "_runtime": 3153.133462905884, "_step": 849, "_wandb": {"runtime": 3153}}