{"loss": 146834.0625, "step": 499, "_timestamp": 1730132393.1258216, "_runtime": 1886.5883886814117, "_step": 499, "_wandb": {"runtime": 1886}}