{"loss": 123532.7578125, "step": 499, "_timestamp": 1725304786.4602084, "_runtime": 2407.809497356415, "_step": 499, "_wandb": {"runtime": 2407}}