{"loss": 46005.875, "step": 599, "_timestamp": 1725258011.284118, "_runtime": 910.7587878704071, "_step": 599, "_wandb": {"runtime": 910}}