{"loss": 32293.1953125, "step": 849, "_timestamp": 1725312519.4953957, "_runtime": 3790.0280196666718, "_step": 849, "_wandb": {"runtime": 3790}}