{"loss": 123516.140625, "step": 649, "_timestamp": 1725179336.9519918, "_runtime": 1138.8283698558807, "_step": 649, "_wandb": {"runtime": 1138}}