{"loss": 45104.85546875, "step": 899, "_timestamp": 1725255662.2629378, "_runtime": 1748.1308426856995, "_step": 899, "_wandb": {"runtime": 1748}}