{"loss": 123536.296875, "_timestamp": 1724996335.0437949, "_runtime": 2957.4058649539948, "_step": 0, "_wandb": {"runtime": 2957}}