{"loss": 31727.05078125, "step": 999, "_timestamp": 1725203312.226798, "_runtime": 4878.0295650959015, "_step": 999, "_wandb": {"runtime": 4877}}