{"loss": 123523.984375, "_timestamp": 1725003477.027772, "_runtime": 2103.883880853653, "_step": 0, "_wandb": {"runtime": 2103}}