{"loss": 33288.83984375, "step": 999, "_timestamp": 1725172530.3326633, "_runtime": 1736.4801201820374, "_step": 999, "_wandb": {"runtime": 1735}}