{"loss": 31804.556640625, "step": 999, "_timestamp": 1725176322.5195708, "_runtime": 5828.556886911392, "_step": 999, "_wandb": {"runtime": 5828}}