{"loss": 33005.1015625, "step": 749, "_timestamp": 1728323226.822689, "_runtime": 1714.9569101333618, "_step": 749, "_wandb": {"runtime": 1715}}