{"loss": 32949.16015625, "step": 949, "_timestamp": 1725169796.197261, "_runtime": 1659.9286692142487, "_step": 949, "_wandb": {"runtime": 1659}}