{"loss": 31857.298828125, "_timestamp": 1725061909.9177084, "_runtime": 3180.2587695121765, "_step": 0, "_wandb": {"runtime": 3180}}