{"loss": 32091.728515625, "step": 799, "_timestamp": 1725316314.4129748, "_runtime": 3199.5931499004364, "_step": 799, "_wandb": {"runtime": 3199}}