{"loss": 123519.8515625, "step": 649, "_timestamp": 1725189060.660329, "_runtime": 2271.144713163376, "_step": 649, "_wandb": {"runtime": 2271}}