{"loss": 123523.59375, "step": 599, "_timestamp": 1725198415.6488998, "_runtime": 2941.8629307746887, "_step": 599, "_wandb": {"runtime": 2941}}