{"loss": 32105.203125, "step": 599, "_timestamp": 1728311399.1828194, "_runtime": 2145.4386343955994, "_step": 599, "_wandb": {"runtime": 2145}}