{"loss": 31586.80078125, "step": 999, "_timestamp": 1725308788.1158497, "_runtime": 7177.008261680603, "_step": 999, "_wandb": {"runtime": 7177}}