{"loss": 147548.65625, "step": 549, "_timestamp": 1728779153.6468105, "_runtime": 2314.2639706134796, "_step": 549, "_wandb": {"runtime": 2314}}