{"loss": 123518.296875, "step": 599, "_timestamp": 1725181820.7933505, "_runtime": 2195.5912544727325, "_step": 599, "_wandb": {"runtime": 2195}}