{"loss": 123531.6953125, "step": 499, "_timestamp": 1725258503.4777634, "_runtime": 1086.7375643253326, "_step": 499, "_wandb": {"runtime": 1086}}