{"loss": 123518.4296875, "step": 649, "_timestamp": 1725308617.1895673, "_runtime": 1516.8408074378967, "_step": 649, "_wandb": {"runtime": 1516}}