{"loss": 151568.828125, "step": 699, "_timestamp": 1728929672.298739, "_runtime": 2895.174021959305, "_step": 699, "_wandb": {"runtime": 2894}}