{"loss": 33056.6875, "step": 999, "_timestamp": 1728323304.6147437, "_runtime": 2125.274235725403, "_step": 999, "_wandb": {"runtime": 2125}}