{"loss": 34409.9765625, "_timestamp": 1725006152.322645, "_runtime": 3256.6122970581055, "_step": 0, "_wandb": {"runtime": 3256}}