{"loss": 123493.515625, "step": 1, "_timestamp": 1725135269.0042286, "_runtime": 27.47503352165222, "_step": 1, "_wandb": {"runtime": 24}}