{"loss": 147695.40625, "step": 449, "_timestamp": 1728750760.216605, "_runtime": 2245.3101959228516, "_step": 449, "_wandb": {"runtime": 2245}}