{"loss": 153824.59375, "step": 549, "_timestamp": 1728953609.6405396, "_runtime": 2284.0722737312317, "_step": 549, "_wandb": {"runtime": 2283}}