{"loss": 58716.109375, "step": 549, "_timestamp": 1725258865.4633448, "_runtime": 832.1255948543549, "_step": 549, "_wandb": {"runtime": 830}}