{"loss": 146887.828125, "step": 449, "_timestamp": 1728790197.239275, "_runtime": 1931.6359930038452, "_step": 449, "_wandb": {"runtime": 1931}}