{"loss": 147499.46875, "step": 449, "_timestamp": 1728792148.0743504, "_runtime": 1943.5947723388672, "_step": 449, "_wandb": {"runtime": 1943}}