{"loss": 46721.8203125, "step": 799, "_timestamp": 1725257392.5613668, "_runtime": 1702.5853407382965, "_step": 799, "_wandb": {"runtime": 1702}}