{"loss": 123520.5703125, "_timestamp": 1725034736.9697273, "_runtime": 1061.8673403263092, "_step": 0, "_wandb": {"runtime": 1061}}