{"loss": 123521.703125, "step": 599, "_timestamp": 1728311872.9360292, "_runtime": 2112.5232203006744, "_step": 599, "_wandb": {"runtime": 2112}}