{"loss": 33538.453125, "step": 999, "_timestamp": 1725168118.0675328, "_runtime": 1739.8073267936707, "_step": 999, "_wandb": {"runtime": 1739}}