{"loss": 146493.6875, "step": 599, "_timestamp": 1728771237.4432077, "_runtime": 2561.6118178367615, "_step": 599, "_wandb": {"runtime": 2561}}