{"loss": 144692.78125, "step": 1049, "_timestamp": 1728796598.811579, "_runtime": 4444.131344079971, "_step": 1049, "_wandb": {"runtime": 4444}}