{"loss": 145186.875, "step": 899, "_timestamp": 1728785981.8099487, "_runtime": 3711.9436626434326, "_step": 899, "_wandb": {"runtime": 3711}}