{"loss": 146632.15625, "step": 649, "_timestamp": 1728674593.19658, "_runtime": 1978.3057758808136, "_step": 649, "_wandb": {"runtime": 1978}}