{"loss": 153418.453125, "step": 649, "_timestamp": 1728932369.5366557, "_runtime": 2688.8264877796173, "_step": 649, "_wandb": {"runtime": 2688}}