{"loss": 147619.8125, "step": 499, "_timestamp": 1728751084.2250538, "_runtime": 2496.5548737049103, "_step": 499, "_wandb": {"runtime": 2496}}