{"loss": 123557.21875, "step": 549, "_timestamp": 1725170778.8088512, "_runtime": 970.0849561691284, "_step": 549, "_wandb": {"runtime": 969}}