{"loss": 34350.78515625, "step": 849, "_timestamp": 1725314828.0710166, "_runtime": 3596.933941602707, "_step": 849, "_wandb": {"runtime": 3597}}