{"loss": 33890.22265625, "step": 849, "_timestamp": 1725179846.4945269, "_runtime": 1564.6079618930817, "_step": 849, "_wandb": {"runtime": 1565}}