{"loss": 34627.21875, "step": 549, "_timestamp": 1725178254.8020995, "_runtime": 1034.1295454502106, "_step": 549, "_wandb": {"runtime": 1034}}