{"loss": 123522.03125, "_timestamp": 1725033667.1369383, "_runtime": 1174.7541563510895, "_step": 0, "_wandb": {"runtime": 1174}}