{"loss": [123542.4453125, 123501.5546875], "_timestamp": 1725135160.8354447, "_runtime": 24.694668769836426, "_step": 0, "_wandb": {"runtime": 24}}