{"loss": 31122.87890625, "step": 999, "_timestamp": 1725208210.734515, "_runtime": 4876.564556837082, "_step": 999, "_wandb": {"runtime": 4876}}