{"loss": 123518.0, "step": 599, "_timestamp": 1725315095.0800345, "_runtime": 2542.7500264644623, "_step": 599, "_wandb": {"runtime": 2542}}