{"loss": 146821.390625, "step": 799, "_timestamp": 1728799968.2674994, "_runtime": 3360.9684195518494, "_step": 799, "_wandb": {"runtime": 3360}}