{"loss": 34035.32421875, "step": 999, "_timestamp": 1725186767.917313, "_runtime": 1951.5477991104126, "_step": 999, "_wandb": {"runtime": 1951}}