{"loss": 34626.4765625, "_timestamp": 1724999629.3506157, "_runtime": 3467.2212908267975, "_step": 0, "_wandb": {"runtime": 3464}}