{"loss": 149100.59375, "step": 549, "_timestamp": 1728934759.4332325, "_runtime": 2382.456491470337, "_step": 549, "_wandb": {"runtime": 2382}}