{"loss": 123518.5859375, "step": 649, "_timestamp": 1725310519.5720704, "_runtime": 1779.2281312942505, "_step": 649, "_wandb": {"runtime": 1779}}