{"loss": 145572.90625, "step": 649, "_timestamp": 1728923048.104192, "_runtime": 2684.2128319740295, "_step": 649, "_wandb": {"runtime": 2684}}