{"loss": 37144.515625, "_timestamp": 1725036449.5008242, "_runtime": 1104.9644062519073, "_step": 0, "_wandb": {"runtime": 1104}}