{"loss": 146916.9375, "step": 549, "_timestamp": 1728768668.356776, "_runtime": 2379.3466300964355, "_step": 549, "_wandb": {"runtime": 2379}}