{"loss": 147840.875, "step": 499, "_timestamp": 1728750828.2687693, "_runtime": 2427.6997792720795, "_step": 499, "_wandb": {"runtime": 2427}}