{"loss": 35991.83203125, "step": 999, "_timestamp": 1725176140.6684513, "_runtime": 1823.0062472820282, "_step": 999, "_wandb": {"runtime": 1823}}