{"loss": 146516.78125, "step": 549, "_timestamp": 1728788258.7068427, "_runtime": 2269.0276715755463, "_step": 549, "_wandb": {"runtime": 2268}}