{"loss": 32266.25, "step": 999, "_timestamp": 1728310770.259365, "_runtime": 2216.737519979477, "_step": 999, "_wandb": {"runtime": 2216}}