{"loss": 35647.95703125, "_timestamp": 1724996154.0173252, "_runtime": 3293.518631219864, "_step": 0, "_wandb": {"runtime": 3293}}