{"loss": 146517.90625, "step": 649, "_timestamp": 1728917869.8630736, "_runtime": 2686.6280965805054, "_step": 649, "_wandb": {"runtime": 2686}}