{"loss": 31060.400390625, "step": 999, "_timestamp": 1725321183.7030487, "_runtime": 3487.1586306095123, "_step": 999, "_wandb": {"runtime": 3487}}