{"loss": 34541.25390625, "step": 899, "_timestamp": 1725170411.9375315, "_runtime": 1594.710651397705, "_step": 899, "_wandb": {"runtime": 1594}}