{"loss": 148834.109375, "step": 899, "_timestamp": 1728926768.5202324, "_runtime": 3711.3622813224792, "_step": 899, "_wandb": {"runtime": 3710}}