{"loss": 31997.505859375, "step": 849, "_timestamp": 1725184796.0026712, "_runtime": 2954.5569581985474, "_step": 849, "_wandb": {"runtime": 2954}}