{"loss": 34105.8984375, "step": 649, "_timestamp": 1725176421.3263106, "_runtime": 1138.4652445316315, "_step": 649, "_wandb": {"runtime": 1138}}