{"loss": 47350.5078125, "step": 549, "_timestamp": 1725258176.4190545, "_runtime": 2098.844969511032, "_step": 549, "_wandb": {"runtime": 2098}}