{"loss": 44790.6171875, "step": 699, "_timestamp": 1725257079.1745977, "_runtime": 1054.8331317901611, "_step": 699, "_wandb": {"runtime": 1054}}