{"loss": 123521.9921875, "step": 549, "_timestamp": 1725308708.9259424, "_runtime": 1519.17480635643, "_step": 549, "_wandb": {"runtime": 1519}}