{"loss": 33688.83203125, "step": 599, "_timestamp": 1728322698.4791303, "_runtime": 1359.6639523506165, "_step": 599, "_wandb": {"runtime": 1359}}