{"loss": 31121.73828125, "step": 999, "_timestamp": 1725195448.73028, "_runtime": 4862.044529914856, "_step": 999, "_wandb": {"runtime": 4862}}