{"loss": 148037.796875, "step": 849, "_timestamp": 1728951317.5656614, "_runtime": 3521.9408984184265, "_step": 849, "_wandb": {"runtime": 3520}}