{"loss": 123522.7265625, "step": 549, "_timestamp": 1725175267.8526037, "_runtime": 961.0044445991516, "_step": 549, "_wandb": {"runtime": 960}}