{"loss": 123545.4140625, "step": 549, "_timestamp": 1725172886.4221365, "_runtime": 1022.7590775489807, "_step": 549, "_wandb": {"runtime": 1022}}