{"loss": 32025.935546875, "step": 999, "_timestamp": 1728312649.8252547, "_runtime": 3034.671544790268, "_step": 999, "_wandb": {"runtime": 3034}}