{"loss": 123547.84375, "_timestamp": 1725005594.7405245, "_runtime": 2108.827732563019, "_step": 0, "_wandb": {"runtime": 2108}}