{"loss": 33005.40625, "step": 999, "_timestamp": 1725178180.180232, "_runtime": 1743.7247409820557, "_step": 999, "_wandb": {"runtime": 1743}}