{"loss": 158471.578125, "step": 449, "_timestamp": 1728941381.1018171, "_runtime": 1890.2767560482025, "_step": 449, "_wandb": {"runtime": 1890}}